Timestamp,Product,Event_Type,Quantity,Current_Stock
2026-08-06 10:07:09,Mobile Phone,ADDITION,1,7
2026-08-06 10:07:13,Mobile Phone,ADDITION,1,8
2026-08-06 10:07:15,Mobile Phone,REMOVAL,1,7
2026-08-06 10:07:21,Mobile Phone,ADDITION,1,8
2026-08-06 10:07:25,Mobile Phone,REMOVAL,1,7
2026-08-06 10:07:43,Mobile Phone,REMOVAL,1,6
2026-08-06 10:12:56,Mobile Phone,ADDITION,1,7
2026-08-06 10:12:57,Mobile Phone,REMOVAL,1,6
2026-08-06 10:12:57,Mobile Phone,ADDITION,1,7
2026-08-06 10:12:58,Mobile Phone,REMOVAL,1,6
2026-08-06 10:12:58,Mobile Phone,ADDITION,1,7
2026-08-06 10:12:59,Mobile Phone,REMOVAL,1,6
2026-08-06 10:12:59,Mobile Phone,ADDITION,1,7
2026-08-06 10:12:59,Mobile Phone,REMOVAL,1,6
2026-08-06 10:13:00,Mobile Phone,ADDITION,1,7
2026-08-06 10:13:00,Mobile Phone,REMOVAL,1,6
2026-08-06 10:13:01,Mobile Phone,ADDITION,1,7
2026-08-06 10:13:01,Mobile Phone,REMOVAL,1,6
2026-08-06 10:13:02,Mobile Phone,ADDITION,1,7
2026-08-06 10:13:02,Mobile Phone,REMOVAL,1,6
2026-08-06 10:13:03,Mobile Phone,ADDITION,1,7
2026-08-06 10:13:03,Mobile Phone,REMOVAL,1,6
2026-08-06 10:13:04,Mobile Phone,ADDITION,1,7
2026-08-06 10:13:04,Mobile Phone,REMOVAL,1,6
2026-08-06 10:13:04,Mobile Phone,ADDITION,1,7
2026-08-06 10:13:05,Mobile Phone,REMOVAL,1,6
2026-08-06 10:13:05,Mobile Phone,ADDITION,1,7
2026-08-06 10:13:06,Mobile Phone,REMOVAL,1,6
2026-08-06 10:13:06,Mobile Phone,ADDITION,1,7
2026-08-06 10:13:07,Mobile Phone,REMOVAL,1,6
2026-08-06 10:13:07,Mobile Phone,ADDITION,1,7
2026-08-06 10:13:07,Mobile Phone,REMOVAL,1,6
2026-08-06 10:13:08,Mobile Phone,ADDITION,1,7
2026-08-06 10:13:08,Mobile Phone,REMOVAL,1,6
2026-08-06 10:13:09,Mobile Phone,ADDITION,1,7
2026-08-06 10:13:09,Mobile Phone,REMOVAL,1,6
2026-08-06 10:13:10,Mobile Phone,ADDITION,1,7
2026-08-06 10:13:10,Mobile Phone,REMOVAL,1,6
2026-08-06 10:13:11,Mobile Phone,ADDITION,1,7
2026-08-06 10:13:11,Mobile Phone,REMOVAL,1,6
2026-08-06 10:13:41,Tie,ADDITION,1,1
2026-08-06 10:13:42,Tie,REMOVAL,1,0
2026-08-06 10:13:49,Mobile Phone,ADDITION,1,7
2026-08-06 10:13:49,Mobile Phone,REMOVAL,1,6
2026-08-06 10:14:10,Tie,ADDITION,1,1
2026-08-06 10:14:10,Tie,REMOVAL,1,0
2026-08-06 10:20:59,Tie,ADDITION,1,1
2026-08-06 10:20:59,Tie,REMOVAL,1,0
2026-08-06 10:21:01,Mobile Phone,ADDITION,1,7
2026-08-06 10:21:01,Mobile Phone,REMOVAL,1,6
2026-08-06 10:21:01,Mobile Phone,ADDITION,1,7
2026-08-06 10:21:02,Mobile Phone,REMOVAL,1,6
2026-08-06 10:21:02,Mobile Phone,ADDITION,1,7
2026-08-06 10:21:03,Mobile Phone,REMOVAL,1,6
2026-08-06 10:21:03,Mobile Phone,ADDITION,1,7
2026-08-06 10:21:04,Mobile Phone,REMOVAL,1,6
2026-08-06 10:21:04,Mobile Phone,ADDITION,1,7
2026-08-06 10:21:05,Mobile Phone,REMOVAL,1,6
2026-08-06 10:21:05,Mobile Phone,ADDITION,1,7
2026-08-06 10:21:06,Mobile Phone,REMOVAL,1,6
2026-08-31 16:20:39,Mobile Phone,ADDITION,1,7
2026-08-31 16:20:40,Mobile Phone,REMOVAL,1,6
2026-08-31 16:21:04,Bottle (Water),REMOVAL,3,37
2026-08-31 16:22:38,Orange,REMOVAL,2,23
2026-08-31 16:36:35,Chair,ADDITION,1,1
2026-08-31 16:36:36,Chair,REMOVAL,1,0
2026-08-31 16:36:37,Chair,ADDITION,1,1
2026-08-31 16:36:38,Mobile Phone,ADDITION,1,7
2026-08-31 16:36:38,Chair,REMOVAL,1,0
2026-08-31 16:36:38,Chair,ADDITION,1,1
2026-08-31 16:36:38,Mobile Phone,REMOVAL,1,6
2026-08-31 16:36:39,Mobile Phone,ADDITION,1,7
2026-08-31 16:36:39,Chair,REMOVAL,1,0
2026-08-31 16:36:40,Mobile Phone,REMOVAL,1,6
2026-08-31 16:36:40,Mobile Phone,ADDITION,1,7
2026-08-31 16:36:40,Chair,ADDITION,1,1
2026-08-31 16:36:41,Mobile Phone,REMOVAL,1,6
2026-08-31 16:36:41,Chair,REMOVAL,1,0
2026-08-31 16:36:41,Mobile Phone,ADDITION,1,7
2026-08-31 16:36:41,Chair,ADDITION,1,1
2026-08-31 16:36:42,Mobile Phone,REMOVAL,1,6
2026-08-31 16:36:42,Chair,REMOVAL,1,0
2026-08-31 16:36:42,Mobile Phone,ADDITION,1,7
2026-08-31 16:36:42,Chair,ADDITION,1,1
2026-08-31 16:36:43,Mobile Phone,REMOVAL,1,6
2026-08-31 16:36:43,Chair,REMOVAL,1,0
2026-08-31 16:36:44,Mobile Phone,ADDITION,1,7
2026-08-31 16:36:44,Chair,ADDITION,1,1
2026-08-31 16:36:44,Mobile Phone,REMOVAL,1,6
2026-08-31 16:36:44,Chair,REMOVAL,1,0
2026-08-31 16:36:45,Mobile Phone,ADDITION,1,7
2026-08-31 16:36:45,Chair,ADDITION,1,1
2026-08-31 16:36:46,Mobile Phone,REMOVAL,1,6
2026-08-31 16:36:46,Chair,REMOVAL,1,0
2026-08-31 16:36:46,Mobile Phone,ADDITION,1,7
2026-08-31 16:36:46,Chair,ADDITION,1,1
2026-08-31 16:36:47,Mobile Phone,REMOVAL,1,6
2026-08-31 16:36:47,Chair,REMOVAL,1,0
2026-08-31 16:36:47,Mobile Phone,ADDITION,1,7
2026-08-31 16:36:47,Chair,ADDITION,1,1
2026-08-31 16:36:48,Mobile Phone,REMOVAL,1,6
2026-08-31 16:36:48,Chair,REMOVAL,1,0
2026-08-31 16:36:49,Mobile Phone,ADDITION,1,7
2026-08-31 16:36:49,Chair,ADDITION,1,1
2026-08-31 16:36:49,Mobile Phone,REMOVAL,1,6
2026-08-31 16:36:49,Chair,REMOVAL,1,0
2026-08-31 16:36:50,Mobile Phone,ADDITION,1,7
2026-08-31 16:36:50,Mobile Phone,REMOVAL,1,6
2026-08-31 16:36:51,Mobile Phone,ADDITION,1,7
2026-08-31 16:36:51,Chair,ADDITION,1,1
2026-08-31 16:36:51,Mobile Phone,REMOVAL,1,6
2026-08-31 16:37:18,Chair,REMOVAL,1,0
2026-08-31 16:37:24,Mobile Phone,ADDITION,1,7
2026-08-31 16:37:27,Mobile Phone,REMOVAL,1,6
2026-08-31 16:37:30,Mobile Phone,ADDITION,1,7
2026-08-31 16:37:32,Mobile Phone,REMOVAL,1,6
2026-08-31 16:37:35,Mobile Phone,ADDITION,1,7
2026-08-31 16:37:36,Mobile Phone,REMOVAL,1,6
2026-08-31 16:37:57,Pen,REMOVAL,1,76
2026-08-31 16:38:01,Intel Xeon E5-2698 V3 (OEM/Tray),REMOVAL,3,120
2026-08-31 16:38:03,Intel Core i9-7900X,REMOVAL,1,187
2026-08-31 16:38:06,Mobile Phone,ADDITION,1,7
2026-08-31 16:38:09,Mobile Phone,REMOVAL,1,6
2026-08-31 16:38:13,Mobile Phone,ADDITION,1,7
2026-08-31 16:38:16,Mobile Phone,REMOVAL,1,6
2026-08-31 16:40:50,Mobile Phone,ADDITION,2,8
2026-08-31 16:40:51,Mobile Phone,REMOVAL,1,7
2026-08-31 16:40:54,Mobile Phone,ADDITION,1,8
2026-08-31 16:40:55,Mobile Phone,REMOVAL,1,7
2026-08-31 16:41:27,Mobile Phone,ADDITION,1,8
2026-08-31 16:41:37,Mobile Phone,REMOVAL,1,7
2026-08-31 16:41:44,Mobile Phone,REMOVAL,1,6
2026-08-31 16:41:58,Mobile Phone,ADDITION,1,7
2026-08-31 16:44:51,Mobile Phone,ADDITION,1,8
2026-08-31 16:45:00,Mobile Phone,REMOVAL,1,7
2026-08-31 16:45:04,Laptop,ADDITION,1,6
2026-08-31 16:45:07,Mobile Phone,ADDITION,1,8
2026-08-31 16:45:07,Laptop,REMOVAL,1,5
2026-08-31 16:45:17,Mobile Phone,REMOVAL,1,7
2026-08-31 16:45:24,Wine Glass,ADDITION,1,1
2026-08-31 16:45:24,Mobile Phone,ADDITION,1,8
2026-08-31 16:45:24,Wine Glass,REMOVAL,1,0
2026-08-31 16:45:31,Mobile Phone,REMOVAL,1,7
2026-08-31 16:45:32,Mobile Phone,ADDITION,1,8
2026-08-31 16:45:36,Mobile Phone,REMOVAL,1,7
2026-09-02 06:05:12,Chair,ADDITION,1,1
2026-09-02 06:05:12,Dining Table,ADDITION,1,1
2026-09-02 06:05:13,Dining Table,REMOVAL,1,0
2026-09-02 06:05:14,Dining Table,ADDITION,1,1
2026-09-02 06:05:14,Chair,REMOVAL,1,0
2026-09-02 06:05:15,Chair,ADDITION,1,1
2026-09-02 06:05:15,Dining Table,REMOVAL,1,0
2026-09-02 06:05:16,Chair,REMOVAL,1,0
2026-09-02 06:05:18,Hot Dog,ADDITION,1,1
2026-09-02 06:05:19,Hot Dog,REMOVAL,1,0
2026-09-02 06:05:22,Chair,ADDITION,1,1
2026-09-02 06:05:24,Chair,ADDITION,1,2
2026-09-02 06:05:24,Chair,REMOVAL,1,1
2026-09-02 06:05:25,Dining Table,ADDITION,1,1
2026-09-02 06:05:25,Chair,REMOVAL,1,0
2026-09-02 06:05:28,Chair,ADDITION,1,1
2026-09-02 06:05:28,Dining Table,REMOVAL,1,0
2026-09-02 06:05:28,Dining Table,ADDITION,1,1
2026-09-02 06:05:28,Chair,REMOVAL,1,0
2026-09-02 06:05:29,Chair,ADDITION,1,1
2026-09-02 06:05:29,Dining Table,REMOVAL,1,0
2026-09-02 06:05:48,Dining Table,ADDITION,1,1
2026-09-02 06:05:49,Dining Table,REMOVAL,1,0
2026-09-02 06:05:49,Chair,ADDITION,1,2
2026-09-02 06:05:50,Umbrella,ADDITION,1,1
2026-09-02 06:05:50,Chair,REMOVAL,1,1
2026-09-02 06:05:51,Dining Table,ADDITION,1,1
2026-09-02 06:05:51,Umbrella,REMOVAL,1,0
2026-09-02 06:05:52,Umbrella,ADDITION,1,1
2026-09-02 06:05:52,Dining Table,REMOVAL,1,0
2026-09-02 06:05:53,Umbrella,REMOVAL,1,0
2026-09-02 06:05:54,Bottle (Water),ADDITION,1,41
2026-09-02 06:05:54,Bottle (Water),REMOVAL,1,40
2026-09-02 06:05:56,Dining Table,ADDITION,1,1
2026-09-02 06:05:59,Bottle (Water),ADDITION,1,41
2026-09-02 06:05:59,Tie,ADDITION,1,1
2026-09-02 06:05:59,Dining Table,REMOVAL,1,0
2026-09-02 06:06:00,Dining Table,ADDITION,1,1
2026-09-02 06:06:00,Tie,REMOVAL,1,0
2026-09-02 06:06:00,Tie,ADDITION,1,1
2026-09-02 06:06:00,Dining Table,REMOVAL,1,0
2026-09-02 06:06:01,Dining Table,ADDITION,1,1
2026-09-02 06:06:01,Bottle (Water),REMOVAL,1,40
2026-09-02 06:06:02,Tie,REMOVAL,1,0
2026-09-02 06:06:03,Dining Table,REMOVAL,1,0
2026-09-02 06:06:04,Chair,ADDITION,1,2
2026-09-02 06:06:04,Dining Table,ADDITION,1,1
2026-09-02 06:06:04,Chair,REMOVAL,1,1
2026-09-02 06:06:05,Dining Table,REMOVAL,1,0
2026-09-02 06:06:08,Chair,ADDITION,1,2
2026-09-02 06:06:08,Chair,REMOVAL,1,1
2026-09-02 06:06:09,Dining Table,ADDITION,1,1
2026-09-02 06:06:10,Dining Table,REMOVAL,1,0
2026-09-02 06:06:11,Dining Table,ADDITION,1,1
2026-09-02 06:06:12,Tie,ADDITION,1,1
2026-09-02 06:06:12,Dining Table,REMOVAL,1,0
2026-09-02 06:06:12,Tie,REMOVAL,1,0
2026-09-02 06:06:27,Dining Table,ADDITION,1,1
2026-09-02 06:06:28,Chair,ADDITION,1,2
2026-09-02 06:06:28,Chair,REMOVAL,1,1
2026-09-02 06:06:30,Dining Table,REMOVAL,1,0
2026-09-02 06:06:31,Dining Table,ADDITION,1,1
2026-09-02 06:06:33,Dining Table,REMOVAL,1,0
2026-09-02 06:06:34,Dining Table,ADDITION,1,1
2026-09-02 06:06:35,Chair,ADDITION,1,2
2026-09-02 06:06:36,Chair,ADDITION,1,3
2026-09-02 06:06:36,Dining Table,REMOVAL,1,0
2026-09-02 06:06:37,Chair,REMOVAL,1,2
2026-09-02 06:06:38,Dining Table,ADDITION,1,1
2026-09-02 06:06:39,Chair,REMOVAL,1,1
2026-09-02 06:06:43,Dining Table,REMOVAL,1,0
2026-09-02 06:06:44,Airplane,ADDITION,1,1
2026-09-02 06:06:45,Airplane,REMOVAL,1,0
2026-09-02 06:06:49,Dining Table,ADDITION,1,1
2026-09-02 06:06:51,Airplane,ADDITION,1,1
2026-09-02 06:06:51,Airplane,REMOVAL,1,0
2026-09-02 06:06:52,Dining Table,REMOVAL,1,0
2026-09-02 06:06:53,Dining Table,ADDITION,1,1
2026-09-02 06:06:53,Chair,ADDITION,1,2
2026-09-02 06:06:53,Airplane,ADDITION,1,1
2026-09-02 06:06:54,Chair,ADDITION,1,3
2026-09-02 06:06:54,Airplane,REMOVAL,1,0
2026-09-02 06:06:54,Airplane,ADDITION,1,1
2026-09-02 06:06:54,Chair,REMOVAL,1,2
2026-09-02 06:06:55,Chair,ADDITION,1,3
2026-09-02 06:06:55,Airplane,REMOVAL,1,0
2026-09-02 06:06:58,Airplane,ADDITION,1,1
2026-09-02 06:06:59,Airplane,REMOVAL,1,0
2026-09-02 06:07:00,Airplane,ADDITION,1,1
2026-09-02 06:07:00,Airplane,REMOVAL,1,0
2026-09-02 06:07:01,Airplane,ADDITION,1,1
2026-09-02 06:07:02,Chair,ADDITION,1,4
2026-09-02 06:07:03,Dining Table,REMOVAL,1,0
2026-09-02 06:07:03,Chair,REMOVAL,1,3
2026-09-02 06:07:03,Airplane,REMOVAL,1,0
2026-09-02 06:07:03,Dining Table,ADDITION,1,1
2026-09-02 06:07:03,Airplane,ADDITION,1,1
2026-09-02 06:07:03,Chair,REMOVAL,2,1
2026-09-02 06:07:04,Chair,ADDITION,3,4
2026-09-02 06:11:44,Calculator,ADDITION,1,11
2026-09-02 06:12:08,Calculator,ADDITION,1,12
2026-09-02 06:12:10,Calculator,REMOVAL,1,11
2026-09-02 06:12:12,Calculator,ADDITION,1,12
2026-09-02 06:12:13,Calculator,REMOVAL,1,11
2026-09-02 06:12:14,Calculator,ADDITION,1,12
2026-09-02 06:12:15,Tie,ADDITION,1,1
2026-09-02 06:12:15,Tie,REMOVAL,1,0
2026-09-02 06:12:16,Calculator,REMOVAL,1,11
2026-09-02 06:12:17,Calculator,ADDITION,1,12
2026-09-02 06:12:19,Tie,ADDITION,1,1
2026-09-02 06:12:20,Tie,REMOVAL,1,0
2026-09-02 06:12:28,Mobile Phone,ADDITION,1,16
2026-09-02 06:12:30,Book,ADDITION,1,41
2026-09-02 06:12:30,Mobile Phone,REMOVAL,1,15
2026-09-02 06:12:30,Book,REMOVAL,1,40
2026-09-02 06:12:32,Calculator,REMOVAL,1,11
2026-09-02 06:12:34,Calculator,ADDITION,1,12
2026-09-02 06:12:34,Calculator,REMOVAL,1,11
2026-09-02 06:23:12,Calculator,ADDITION,1,12
2026-09-02 06:23:16,Calculator,REMOVAL,1,11
2026-09-02 06:23:17,Calculator,ADDITION,1,12
2026-09-02 06:23:18,Calculator,REMOVAL,1,11
2026-09-02 06:23:19,Calculator,ADDITION,1,12
2026-09-02 06:23:32,Soap,REMOVAL,2,43
2026-09-02 06:28:15,Calculator,ADDITION,1,13
2026-09-02 06:28:40,Calculator,ADDITION,1,14
2026-09-02 06:32:46,Clock,ADDITION,1,1
2026-09-02 06:33:21,Bottle (Water),ADDITION,1,41
2026-09-02 06:33:22,Bottle (Water),REMOVAL,1,40
2026-09-02 06:33:24,Bottle (Water),ADDITION,1,41
2026-09-02 06:33:24,Bottle (Water),REMOVAL,1,40
2026-09-02 06:33:45,Cat,ADDITION,1,1
2026-09-02 06:33:48,Clock,REMOVAL,1,0
2026-09-02 06:33:48,Cat,REMOVAL,1,0
2026-09-02 06:33:51,Clock,ADDITION,1,1
2026-09-02 06:33:54,Clock,REMOVAL,1,0
2026-09-02 06:33:54,Clock,ADDITION,1,1
2026-09-02 06:33:55,Clock,REMOVAL,1,0
2026-09-02 06:36:40,Clock,ADDITION,1,1
2026-09-02 06:36:48,Tie,ADDITION,1,1
2026-09-02 06:36:51,Tie,REMOVAL,1,0
2026-09-02 06:37:04,Clock,REMOVAL,1,0
2026-09-02 06:37:04,Clock,ADDITION,1,1
2026-09-02 06:37:04,Laptop,ADDITION,1,6
2026-09-02 06:37:05,Laptop,REMOVAL,1,5
2026-09-02 06:37:06,Mobile Phone,ADDITION,1,16
2026-09-02 06:37:06,Mobile Phone,REMOVAL,1,15
2026-09-02 06:37:07,Mobile Phone,ADDITION,1,16
2026-09-02 06:37:10,Mobile Phone,REMOVAL,1,15
2026-09-02 06:37:13,Clock,REMOVAL,1,0
2026-09-02 06:37:13,Remote,ADDITION,1,1
2026-09-02 06:37:14,Remote,REMOVAL,1,0
2026-09-02 06:37:14,Clock,ADDITION,1,1
2026-09-02 06:37:14,Laptop,ADDITION,1,6
2026-09-02 06:37:16,Laptop,REMOVAL,1,5
2026-09-02 06:37:17,Mobile Phone,ADDITION,1,16
2026-09-02 06:37:18,Mobile Phone,ADDITION,1,17
2026-09-02 06:37:19,Mobile Phone,REMOVAL,2,15
2026-09-02 06:37:22,Clock,REMOVAL,1,0
2026-09-02 06:37:24,Clock,ADDITION,1,1
